Навык,Количество,Процент
Финансовый анализ,329,8.17%
Финансовая отчетность,166,4.12%
Бюджетирование,147,3.65%
Финансовый контроль,136,3.38%
Финансовое планирование,126,3.13%
Управленческая отчетность,119,2.96%
MS Excel,106,2.63%
Экономический анализ,88,2.19%
Финансовый менеджмент,86,2.14%
Аналитическое мышление,85,2.11%
Формирование аналитической отчетности,76,1.89%
Финансовые показатели,71,1.76%
Финансовое моделирование,71,1.76%
Анализ финансовых показателей,60,1.49%
Работа с большим объемом информации,59,1.47%
Планирование бюджета,59,1.47%
План-факт анализ,46,1.14%
Финансовая стратегия,45,1.12%
Финансовый аудит,45,1.12%
Управленческий учет,44,1.09%
Отчет о финансовых результатах,44,1.09%
Контроль бюджета,36,0.89%
Планирование затрат,32,0.79%
Анализ текущих финансовых показателей,31,0.77%
Управление денежными средствами,30,0.75%
Оптимизация затрат,29,0.72%
Отчет о движении денежных средств,29,0.72%
Основы финансового менеджмента,27,0.67%
Бухгалтерская отчетность,27,0.67%
MS PowerPoint,26,0.65%
Управление бюджетом,25,0.62%
Управление затратами,23,0.57%
1С: Бухгалтерия,22,0.55%
Бухгалтерский учет,22,0.55%
Основы бухгалтерского учета,21,0.52%
Экономическое обоснование,20,0.50%
МСФО,20,0.50%
1С: Предприятие 8,19,0.47%
Налоговое планирование,19,0.47%
Формирование бюджета,18,0.45%
План-фактный анализ бюджета,16,0.40%
Английский язык,15,0.37%
Стратегическое планирование,15,0.37%
Анализ рисков,14,0.35%
SQL,14,0.35%
Оптимизация налогообложения,14,0.35%
Анализ инвестиционных проектов,14,0.35%
Управление налоговыми рисками,13,0.32%
Работа в команде,13,0.32%
Факторный анализ,13,0.32%
Управление бухгалтерией,13,0.32%
Анализ ФХД,13,0.32%
Электронный документооборот,13,0.32%
Инвестиционный анализ,12,0.30%
Анализ данных,12,0.30%
Деловая переписка,11,0.27%
Управление рисками,11,0.27%
Первичная бухгалтерская документация,11,0.27%
Консолидация финансовой отчетности,11,0.27%
Подготовка презентаций,11,0.27%
Деловая коммуникация,10,0.25%
РСБУ,10,0.25%
Аналитический склад ума,10,0.25%
Ответственность,10,0.25%
Деловое общение,10,0.25%
Управление финансами,10,0.25%
Планирование,10,0.25%
1С,10,0.25%
Power BI,10,0.25%
Корпоративные финансы,10,0.25%
Первичная документация,9,0.22%
Платежные поручения,9,0.22%
Оптимизация бизнес-процессов,9,0.22%
Финансовое право,9,0.22%
Бюджетирование ФОТ,9,0.22%
Ведение переговоров,8,0.20%
Бизнес-планирование,8,0.20%
Бизнес-анализ,8,0.20%
Статистическая отчетность,8,0.20%
Инвестиционное планирование,8,0.20%
Power Query,8,0.20%
Расчет налогов,8,0.20%
"Контроль эффективного использования материальных, финансовых, технических и трудовых ресурсов",8,0.20%
Стратегия управления рисками,7,0.17%
Стратегическое мышление,7,0.17%
MS Office,7,0.17%
Анализ бизнес показателей,7,0.17%
1С: Документооборот,7,0.17%
Банк-клиент,7,0.17%
Ценообразование,7,0.17%
Бухгалтерский баланс,7,0.17%
Внутренний контроль,7,0.17%
Отчетность в ФНС,7,0.17%
Расчет заработной платы,7,0.17%
Работа с юридическими лицами,7,0.17%
Отчет о прибылях и убытках,6,0.15%
Налоговый кодекс РФ,6,0.15%
Управление ресурсами,6,0.15%
Пользователь ПК,6,0.15%
Обучение и развитие,6,0.15%
1C: ERP,6,0.15%
Управление активами,6,0.15%
Внимательность,6,0.15%
Анализ бизнес-процессов,6,0.15%
Налоговая отчетность,6,0.15%
Excel,6,0.15%
Подготовка управленческой отчетности,5,0.12%
Оценка инвестиционных проектов,5,0.12%
Формирование управленческой отчетности,5,0.12%
Контроль кредиторской задолженности,5,0.12%
БДДС,5,0.12%
Cash Flow,5,0.12%
Кредитные договоры,5,0.12%
Долгосрочное бюджетирование и планирование,5,0.12%
БДР,5,0.12%
Валютный контроль,5,0.12%
Прогнозирование,5,0.12%
Управление командой,5,0.12%
Грамотная речь,5,0.12%
Многозадачность,5,0.12%
1C: Бухгалтерия,5,0.12%
Руководство коллективом,5,0.12%
Расчет затрат,5,0.12%
Анализ себестоимости,5,0.12%
Краткосрочное бюджетирование и планирование,5,0.12%
Основы налогового учета,5,0.12%
Аналитические исследования,4,0.10%
Клиентоориентированность,4,0.10%
Сметы,4,0.10%
Бумажный документооборот,4,0.10%
Организаторские навыки,4,0.10%
SAP,4,0.10%
1С: Управление Производственным Предприятием,4,0.10%
Активные продажи,4,0.10%
Авансовые отчеты,4,0.10%
Управление продажами,4,0.10%
ERP-системы на базе 1С,4,0.10%
Аналитика,4,0.10%
Коммуникабельность,4,0.10%
ВЭД,4,0.10%
Автоматизация управленческой отчетности,4,0.10%
Лизинг,4,0.10%
Составление бизнес-плана,4,0.10%
Отчетность в СФР,4,0.10%
Инвестиции,4,0.10%
Стратегический анализ внешней среды,4,0.10%
Контроль и анализ ценообразования,4,0.10%
Аудит,4,0.10%
P&L,4,0.10%
Внутренний финансовый аудит,4,0.10%
Поиск и привлечение клиентов,4,0.10%
Статистический анализ,4,0.10%
Контроль ведения налоговой отчетности,4,0.10%
Списание ТМЦ,3,0.07%
Подготовка отчетов,3,0.07%
Документальное сопровождение,3,0.07%
Документооборот,3,0.07%
ABC-анализ,3,0.07%
Системное мышление,3,0.07%
1С: УСН,3,0.07%
Налоговое законодательство,3,0.07%
Казначейство,3,0.07%
Учет ТМЦ,3,0.07%
Контроль дебиторской задолженности,3,0.07%
Инвестиционная деятельность,3,0.07%
1С: Предприятие: Бухгалтерский Учет,3,0.07%
Движение денежных средств,3,0.07%
Платежные ордера,3,0.07%
Power Pivot,3,0.07%
1C: Финансы,3,0.07%
Сопровождение клиентов,3,0.07%
Ведение отчетности,3,0.07%
Фондовый рынок,3,0.07%
Кассовые операции,3,0.07%
PL,3,0.07%
Риск-менеджмент,3,0.07%
Планирование продаж,3,0.07%
Налоговый учет,3,0.07%
Акты сверок,3,0.07%
Разработка бизнес-плана,3,0.07%
Точность и внимательность к деталям,3,0.07%
Международные платежные системы,3,0.07%
SWOT-анализ,3,0.07%
Прогнозирование спроса,3,0.07%
XYZ-анализ,3,0.07%
Автоматизация бизнес-процессов,3,0.07%
Заключение договоров,3,0.07%
Управление портфелем продуктов,3,0.07%
Инициативность,3,0.07%
Аудиторские проверки,3,0.07%
Бухгалтерский аудит,3,0.07%
Python,3,0.07%
Управленческие навыки,3,0.07%
Исполнительность,3,0.07%
Антикризисное управление,3,0.07%
IFRS,3,0.07%
Аналитика продаж,3,0.07%
ACCA,2,0.05%
CFA,2,0.05%
User Story,2,0.05%
Отчет о целевом использовании средств,2,0.05%
Работа с клиентами,2,0.05%
Сводные таблицы,2,0.05%
Оценка рисков,2,0.05%
MS SQL,2,0.05%
Холодные продажи,2,0.05%
Сбор и анализ информации,2,0.05%
Оптимизация воронки продаж,2,0.05%
Моделирование бизнес-процессов,2,0.05%
Договорная работа,2,0.05%
Главбух,2,0.05%
МСП,2,0.05%
1С: Зарплата и управление персоналом,2,0.05%
iiko,2,0.05%
Баланс,2,0.05%
ДДС,2,0.05%
Банковские операции,2,0.05%
Базы данных,2,0.05%
B2B Продажи,2,0.05%
Финансы,2,0.05%
Коммерция,2,0.05%
1С: Бухгалтерия и склад,2,0.05%
Работа в условиях многозадачности,2,0.05%
Экономическое моделирование,2,0.05%
Аналитические способности,2,0.05%
Ценные бумаги,2,0.05%
Телефонные переговоры,2,0.05%
Финтабло,2,0.05%
Способность обучать других,2,0.05%
Инвестиционная экспертиза,2,0.05%
1С: Торговля и склад,2,0.05%
Андеррайтинг,2,0.05%
Аналитика маркетплейсов,2,0.05%
Расчеты с поставщиками и подрядчиками,2,0.05%
NPV,2,0.05%
Расчет себестоимости,2,0.05%
Пунктуальность,2,0.05%
Креативность,2,0.05%
CF,2,0.05%
Бухгалтерский учёт,2,0.05%
Умение работать в условиях многозадачности,2,0.05%
Дебиторская задолженность,2,0.05%
Кредиторская задолженность,2,0.05%
Кредитные договора,2,0.05%
МСБ,2,0.05%
MS Outlook,2,0.05%
Unit-экономика,2,0.05%
Оценка эффективности промо акций,2,0.05%
Анализ эффективности инвестиционных проектов,2,0.05%
Описание бизнес-процессов,2,0.05%
Делопроизводство,2,0.05%
Интерпретация данных,2,0.05%
Грамотная устная речь,2,0.05%
Разработка ценовой политики,2,0.05%
Работа с системами аналитики,2,0.05%
1С: Комплексная автоматизация,2,0.05%
PnL,2,0.05%
Проведение презентаций,2,0.05%
Расчеты с покупателями и заказчиками,2,0.05%
Анализ конкурентной среды,2,0.05%
консолидация управленческой отчетности,2,0.05%
Теплые продажи,2,0.05%
Консультирование клиентов,2,0.05%
Основные средства,2,0.05%
Налог на прибыль,2,0.05%
Учёт основных средств,2,0.05%
MS Word,2,0.05%
Google Docs,2,0.05%
Согласование договоров,2,0.05%
Кредитование юридических лиц,2,0.05%
Работа с базами данных,2,0.05%
Разработка бизнес-модели,2,0.05%
Биржевые торги,2,0.05%
Инвестиционная стратегия,2,0.05%
Привлечение банковского финансирования,2,0.05%
Портфельный анализ,2,0.05%
Автоматизация,2,0.05%
Аналитические тексты,2,0.05%
Планирование денежных потоков,2,0.05%
Восстановление бухгалтерского учета,2,0.05%
Проектное финансирование,2,0.05%
Консолидация отчетности по РСБУ,2,0.05%
Навыки продаж,2,0.05%
Умение работать с большим объемом информации,2,0.05%
Аккуратность,2,0.05%
Стратегический менеджмент,2,0.05%
Разработка технических заданий,2,0.05%
Постановка задач разработчикам,2,0.05%
Автоматизация процессов,2,0.05%
Расчет и анализ себестоимости продукции и услуг,2,0.05%
Планирование ресурсов,2,0.05%
Ориентация на результат,2,0.05%
Исследовательский анализ данных,2,0.05%
AXAPTA,2,0.05%
Управление бизнес процессами,2,0.05%
ERP,2,0.05%
1 С,2,0.05%
Консультант плюс,2,0.05%
Архивирование документов,2,0.05%
Развитие продаж,2,0.05%
Стратегия продаж,2,0.05%
Ведение клиентской базы,1,0.02%
Прогнозирование продаж,1,0.02%
Аудит продаж,1,0.02%
Подготовка коммерческих предложений,1,0.02%
Wildberries,1,0.02%
Ozon,1,0.02%
A/B тесты,1,0.02%
Управление ассортиментом,1,0.02%
Инфлюенс-маркетинг,1,0.02%
CRM-маркетинг,1,0.02%
Валютные платежи,1,0.02%
Исполнение бюджетов,1,0.02%
Бюджетные лимиты,1,0.02%
Финансовые документы,1,0.02%
Анализ доходов и расходов,1,0.02%
Финансовые риски,1,0.02%
Трейд-маркетинговая стратегия,1,0.02%
Трейд-маркетинг,1,0.02%
Оптимизация маркетинговых кампаний,1,0.02%
Целевой маркетинг,1,0.02%
Внутренний маркетинг,1,0.02%
Разработка маркетинговых кампаний,1,0.02%
Запуск маркетинговых кампаний,1,0.02%
Анализ эффективности маркетинговых кампаний,1,0.02%
Business Writing,1,0.02%
Ведение базы данных,1,0.02%
Финансовый учет,1,0.02%
Факторинг,1,0.02%
Directum,1,0.02%
MySQL,1,0.02%
Управление проектами,1,0.02%
Debt / EBITDA,1,0.02%
Финансовое моделирование в Excel,1,0.02%
"Кассовый поток (DCF, FCF)",1,0.02%
кредитные риски,1,0.02%
Разработка методологии управленческого учета,1,0.02%
Международные платежи,1,0.02%
Контроль финансовых рисков,1,0.02%
Криптовалюта,1,0.02%
Ведение финансовой отчетности,1,0.02%
Позитивное мышление,1,0.02%
Уверенный пользователь Excel,1,0.02%
Исполнение личных поручений руководителя,1,0.02%
Работа с банками,1,0.02%
Коммуникации с инвесторами,1,0.02%
рентабельность,1,0.02%
1С: Управление предприятием,1,0.02%
Управление знаниями‎,1,0.02%
Производственная стратегия,1,0.02%
Управление инновациями,1,0.02%
Инновационный менеджмент,1,0.02%
Управление организационными изменениями,1,0.02%
Управление изменениями,1,0.02%
1C,1,0.02%
Маркетинговые метрики,1,0.02%
Реструктуризация долга,1,0.02%
FP&A,1,0.02%
Pest-Анализ,1,0.02%
Разработка стратегии развития,1,0.02%
Доверительное управление,1,0.02%
Хеджирование валютных рисков,1,0.02%
Еврооблигации,1,0.02%
Рублевые облигации,1,0.02%
Привлечение инвестиций,1,0.02%
MS Access,1,0.02%
Создание конфигурации 1С,1,0.02%
координация проектов,1,0.02%
исполнение поручений руководителя,1,0.02%
Навыки работы с первичной документацией,1,0.02%
Составление договоров,1,0.02%
Работа с инвесторами,1,0.02%
Желание расти и развиваться,1,0.02%
Валютные операции,1,0.02%
Валютное законодательство,1,0.02%
Мониторинг законодательства,1,0.02%
Копирайтинг,1,0.02%
Стрессоустойчивость,1,0.02%
Сценарный анализ,1,0.02%
1C:8,1,0.02%
Анализ,1,0.02%
Бюджетирование и планирование,1,0.02%
Умение планировать,1,0.02%
финтабло,1,0.02%
кассовая дисциплина,1,0.02%
Проверка статистических гипотез,1,0.02%
Анализ научной литературы,1,0.02%
Событийная аналитика,1,0.02%
Быстрая обучаемость,1,0.02%
Деловые коммуникации,1,0.02%
Linux,1,0.02%
1С: Предприятие,1,0.02%
Визуализация данных,1,0.02%
Грамотная письменная речь,1,0.02%
Умение слушать,1,0.02%
Доброта,1,0.02%
Знания в цифровых активах и валютах,1,0.02%
Знания в P2P торговле,1,0.02%
Умение быстро печатать на клавиатуре,1,0.02%
Знание ПК,1,0.02%
Умение считать проценты,1,0.02%
Искренность,1,0.02%
Порядочность,1,0.02%
Честность,1,0.02%
"Продвинутый уровень Excel, Word, 1C, ERP системы",1,0.02%
Аудит закупок,1,0.02%
Бюджетный контроль,1,0.02%
Работа с таблицами,1,0.02%
Математический склад ума,1,0.02%
Аналитика данных,1,0.02%
Ответственнсть,1,0.02%
Diasoft,1,0.02%
Контур,1,0.02%
Atlassian Jira,1,0.02%
ORACLE,1,0.02%
кредитная аналитика,1,0.02%
УНФ,1,0.02%
Financial Analysis,1,0.02%
Преобразование данных,1,0.02%
Анализ ценообразования,1,0.02%
расчет PNL,1,0.02%
Oracle Hyperion,1,0.02%
Navision,1,0.02%
Банковское право,1,0.02%
Google sheets,1,0.02%
Моделирование бизнес процессов,1,0.02%
Экспертиза документов,1,0.02%
Capex,1,0.02%
Согласование заявок на платежи,1,0.02%
проверка ДДС,1,0.02%
Консолидация международной отчетности,1,0.02%
ДипИФР,1,0.02%
Банковское финансирование,1,0.02%
Расчет премий и бонусов,1,0.02%
финансовые рынки,1,0.02%
Расчет зарплаты,1,0.02%
MS SharePoint,1,0.02%
анализ и прогнозирование спроса на нефтепродукты,1,0.02%
Работа с документами,1,0.02%
1С: Управление Торговлей,1,0.02%
Кассовые документы,1,0.02%
Поиск информации в интернет,1,0.02%
Анализ требований,1,0.02%
Менеджмент,1,0.02%
1С-Битрикс,1,0.02%
Отчетность,1,0.02%
ИТ,1,0.02%
Конкурентная аналитика,1,0.02%
Внешний финансовый аудит,1,0.02%
Контроль исполнения решений,1,0.02%
Googl таблицы,1,0.02%
ROA,1,0.02%
EBITDA,1,0.02%
Анализ расходов,1,0.02%
Информационные меморандумы,1,0.02%
фонд прямых инвестиций,1,0.02%
Инвестиционный фонд,1,0.02%
Инвестиционный банк,1,0.02%
Due Diligence,1,0.02%
Business Valuation,1,0.02%
Relative Valuation,1,0.02%
Busines Valuation,1,0.02%
Big 4,1,0.02%
Разработка финансовых моделей,1,0.02%
Слияние и поглощение,1,0.02%
Стратегия Развития,1,0.02%
Анализ доходов,1,0.02%
Окупаемость,1,0.02%
Анализ рынка,1,0.02%
BPMN,1,0.02%
IDEF,1,0.02%
Use cases,1,0.02%
РКО,1,0.02%
Инвестиционный консалтинг,1,0.02%
Оценка бизнеса,1,0.02%
VBA,1,0.02%
Оценка недвижимости,1,0.02%
Умение работать в коллективе,1,0.02%
Корпоративное кредитование,1,0.02%
Обучение персонала,1,0.02%
Кредитный анализ,1,0.02%
Ad Hoc Analysis,1,0.02%
AI,1,0.02%
ML,1,0.02%
Экономическая эффективность,1,0.02%
Налоговый аудит,1,0.02%
Налоговые декларации,1,0.02%
M&A сделки,1,0.02%
Mergers & Acquisitions,1,0.02%
Стратегии и M&A,1,0.02%
MS Power BI,1,0.02%
ОПИУ,1,0.02%
ETL,1,0.02%
CJM,1,0.02%
Confluence,1,0.02%
Jira,1,0.02%
Scrum,1,0.02%
Tableau,1,0.02%
Customer Journey Maps,1,0.02%
UML,1,0.02%
eEPC,1,0.02%
Инвестиционный аналитик,1,0.02%
Финансовый аналитик,1,0.02%
Российский союз промышленников и предпринимателей,1,0.02%
Клиентская база юридических лиц,1,0.02%
Кредитный- брокер,1,0.02%
Бизнес-коуч,1,0.02%
Бизнес-спикер,1,0.02%
Управляющий семейным офисом,1,0.02%
Бизнес ассоциации,1,0.02%
Участие в Тендерах,1,0.02%
КС-2,1,0.02%
Смета.ру,1,0.02%
Гранд-смета,1,0.02%
Планово-экономический отдел,1,0.02%
Российские стандарты бухгалтерского учета,1,0.02%
Первичные документы,1,0.02%
Анализ отчетности,1,0.02%
Калькулирование себестоимости,1,0.02%
Контроль расходов по статьям бюджета и ЦФО,1,0.02%
"Формирование отчета об исполнении плана БДДС, БДР",1,0.02%
Экономист,1,0.02%
Проверка контрагентов,1,0.02%
Союз промышленников и предпринимателей,1,0.02%
Банковские гарантии,1,0.02%
Двусторонние займы,1,0.02%
Взаимодействие с инвестиционными фондами,1,0.02%
Управление дебиторской задолженностью,1,0.02%
Бухгалтерское сопровождение,1,0.02%
Аутсорсинг,1,0.02%
Брокер,1,0.02%
Кредиты для бизнеса,1,0.02%
Аудитор,1,0.02%
регулирование розничных цен,1,0.02%
Корпортивное кредитование,1,0.02%
знание основ бухгалтерии,1,0.02%
1С срм/битрикс,1,0.02%
Реестр счетов,1,0.02%
БитФинанс,1,0.02%
Строительно-отделочные материалы,1,0.02%
Декомпозиция показателй,1,0.02%
Навыки презентации,1,0.02%
1С документооборот,1,0.02%
1С комплексная автоматизация,1,0.02%
знание 1С 8,1,0.02%
БИТ финанс,1,0.02%
продвинутый пользователь MS EXCEL,1,0.02%
опыт работы от 3-х лет в торговых коммерческих организациях,1,0.02%
Участие в автоматизации управленческого учета,1,0.02%
Продажи,1,0.02%
Учет остатков,1,0.02%
ТМЦ,1,0.02%
Планирование и организация,1,0.02%
Аналитические навыки,1,0.02%
Уверенный пользователь MS Office,1,0.02%
Умение работать в команде,1,0.02%
Работа с ТМЦ,1,0.02%
расчет рисков,1,0.02%
Гражданское законодательство,1,0.02%
Арбитражные суды,1,0.02%
Налоги,1,0.02%
Налоговые проверки,1,0.02%
Налоговое консультирование,1,0.02%
Табличная верстка,1,0.02%
Стратегическое бюджетирование,1,0.02%
Управление взаимоотношениями,1,0.02%
Знание нормативно-правовой базы,1,0.02%
Цифровая грамотность,1,0.02%
Управление операциями и процессами,1,0.02%
Продажи и развитие бизнеса,1,0.02%
Меры поддержки предпринимательства,1,0.02%
Национальный проект,1,0.02%
Мониторинг цен,1,0.02%
подготовка смет,1,0.02%
Строительство,1,0.02%
оформление документации,1,0.02%
Составление сметно-проектной документации,1,0.02%
Составление смет,1,0.02%
прохождение налоговых проверок,1,0.02%
Экономика,1,0.02%
банковские гарантии,1,0.02%
Обучаемость,1,0.02%
Работоспособность,1,0.02%
Прямые продажи,1,0.02%
Закупка продуктов питания,1,0.02%
Управление платежами,1,0.02%
Учет платежей,1,0.02%
Умение учиться,1,0.02%
Ведение отчётности,1,0.02%
Составление отчетов,1,0.02%
UHNWI,1,0.02%
Private Banking,1,0.02%
Управление временем и приоритетами,1,0.02%
Адаптивность к изменениям,1,0.02%
Навыки работы с клиентской базой,1,0.02%
Навыки взаимодействия и коммуникации,1,0.02%
Понимание потребностей клиентов,1,0.02%
Системное тестирование,1,0.02%
Контроль выполнения задач,1,0.02%
Консолидация бюджетов,1,0.02%
аналитические отчеты,1,0.02%
Продвинутый пользователь Excel,1,0.02%
Консолидированная бухгалтерская отчетность,1,0.02%
Макросы,1,0.02%
B2C продажи,1,0.02%
Стратегия управления персоналом,1,0.02%
переговоры с первыми лицами компаний,1,0.02%
Мотивация сотрудников,1,0.02%
Анализ воронки продаж,1,0.02%
Работа с возражениями,1,0.02%
Разработка скриптов продаж,1,0.02%
Построение воронки продаж,1,0.02%
Система мотивации персонала,1,0.02%
Высшее образование,1,0.02%
Работа с автомобилями в лизинге,1,0.02%
Системная интеграция,1,0.02%
Информационные технологии,1,0.02%
Умение эффективно работать в режиме многозадачности,1,0.02%
проведение переговоров с первыми лицами компании,1,0.02%
Мотивация персонала,1,0.02%
Расчет НДС,1,0.02%
Годовой баланс,1,0.02%
Выявление потребностей,1,0.02%
"Участок ""Зарплата""",1,0.02%
Импортные операции,1,0.02%
Экспортные продажи,1,0.02%
amoCRM,1,0.02%
брокерская деятельность,1,0.02%
дилерская деятельность,1,0.02%
Маркетинговая стратегия,1,0.02%
Тестирование маркетинговых кампаний,1,0.02%
Масштабирование маркетинговых кампаний,1,0.02%
Организация трейд-маркетинговых кампаний,1,0.02%
Ребрендинг,1,0.02%
Региональные маркетинговые кампании,1,0.02%
Позиционирование бренда,1,0.02%
Продвижение бренда,1,0.02%
Наличные средства,1,0.02%
Знание кассовой дисциплины,1,0.02%
Кассовые чеки,1,0.02%
Контур-Экстерн,1,0.02%
НДС,1,0.02%
Кадровый аудит,1,0.02%
Расчет пособий,1,0.02%
Книга покупок,1,0.02%
Постановка целей,1,0.02%
Ведение активных клиентов,1,0.02%
Расчет доплат,1,0.02%
анализ эффективности,1,0.02%
BI-аналитик,1,0.02%
Написание отчетов,1,0.02%
Административно-хозяйственная деятельность,1,0.02%
Правовые системы,1,0.02%
Налоговое право,1,0.02%
Управление отношениями с клиентами,1,0.02%
Развитие ключевых клиентов,1,0.02%
Лизинговые операции,1,0.02%
Маркетинговый аудит,1,0.02%
B2G-маркетинг,1,0.02%
B2C-маркетинг,1,0.02%
B2B-маркетинг,1,0.02%
Контроль расходов,1,0.02%
MC Excel,1,0.02%
Аналитический баланс,1,0.02%
Доходы и расходы,1,0.02%
Бюджет доходов и расходов,1,0.02%
ВПР,1,0.02%
Balance Sheet,1,0.02%
План-Факт,1,0.02%
Работа с платежами,1,0.02%
Систематизация информации,1,0.02%
определение финансового состояния организации,1,0.02%
анализ финансово-хозяйственной деятельности,1,0.02%
умение проводить аналитические исследования,1,0.02%
умение работать со статистическими базами данных,1,0.02%
умение разрабатывать бизнес-планы инвестиционных проектов,1,0.02%
Анализ целевой аудитории,1,0.02%
